scenario,latency_bucket,bucket_min_ms,bucket_max_ms,count,percentage,cumulative_count,cumulative_pct
100 clients @ 500 msg/s,0-10ms,0,10,0,0.0,0,0.0
100 clients @ 500 msg/s,10-50ms,10,50,0,0.0,0,0.0
100 clients @ 500 msg/s,50-100ms,50,100,0,0.0,0,0.0
100 clients @ 500 msg/s,100-200ms,100,200,0,0.0,0,0.0
100 clients @ 500 msg/s,200-500ms,200,500,0,0.0,0,0.0
100 clients @ 500 msg/s,500ms-1s,500,1000,0,0.0,0,0.0
100 clients @ 500 msg/s,1-2s,1000,2000,0,0.0,0,0.0
100 clients @ 500 msg/s,2-5s,2000,5000,0,0.0,0,0.0
100 clients @ 500 msg/s,5-10s,5000,10000,0,0.0,0,0.0
100 clients @ 500 msg/s,10-30s,10000,30000,0,0.0,0,0.0
100 clients @ 500 msg/s,30-60s,30000,60000,0,0.0,0,0.0
100 clients @ 500 msg/s,1-2min,60000,120000,0,0.0,0,0.0
100 clients @ 500 msg/s,2-5min,120000,300000,0,0.0,0,0.0
100 clients @ 500 msg/s,5-10min,300000,600000,0,0.0,0,0.0
100 clients @ 500 msg/s,10min+,600000,inf,100,100.0,100,100.0
